token,token_hash8
Akhmetov Miras,1fa08bd

title,author,year,isbn
De-engineered clear-thinking open architecture,Shawn Dominguez,2003,978-1-4631-5009-9
Inverse static info-mediaries,Peter Bernard,1993,978-0-88969-655-6
Re-contextualized regional task-force,Ricky Byrd,2017,978-0-543-63441-2
Team-oriented well-modulated concept,Christine Craig,2025,978-1-75539-826-0
Diverse grid-enabled superstructure,Catherine Glover,1990,978-0-498-59285-0
Robust well-modulated toolset,Alejandro Brown,2011,978-0-920465-88-2
De-engineered high-level orchestration,Tara Anderson,1996,978-0-255-23632-4
Optional heuristic contingency,Rachel Stanley,2024,978-0-415-42057-0
Inverse neutral standardization,Charles Finley,1993,978-1-990046-06-3
Ameliorated user-facing neural-net,Meagan Deleon,2000,978-0-7580-8586-3
Persistent directional emulation,Jennifer Smith,1986,978-1-77290-780-3
Reactive well-modulated firmware,Penny Hughes,1995,978-1-347-75128-2
Exclusive secondary help-desk,Albert Sandoval,2024,978-1-188-24507-0
Expanded regional array,Philip Nguyen,2006,978-1-389-29698-7
Exclusive tangible pricing structure,Kimberly Shaw,2009,978-0-386-19796-9
Organized attitude-oriented neural-net,Elizabeth Compton,2022,978-0-422-80097-6
Networked solution-oriented structure,Rachel Williams,2003,978-1-4962-3352-3
Front-line high-level conglomeration,Brittany Pope,1975,978-0-484-58302-2
Virtual tertiary collaboration,Shannon Berry,2003,978-0-640-11724-5
Public-key systematic core,Thomas Ali,2006,978-1-362-63733-2
Multi-channeled zero-defect algorithm,Alexandra Guzman,2020,978-1-07-456460-5
Operative responsive interface,Dr. Latoya Wells,1982,978-1-225-70146-0
Cloned homogeneous groupware,Isaiah Burns,1999,978-0-336-48637-2
Exclusive 5thgeneration intranet,Jamie Gallagher,1982,978-0-645-21817-6
Object-based mobile paradigm,Anna Yates,2008,978-1-992470-40-8
Operative value-added Graphic Interface,Lisa Frederick,2020,978-0-309-27857-7
Focused even-keeled functionalities,Daniel Byrd,1994,978-1-72007-616-2
Sharable encompassing Graphical User Interface,Aaron Pierce,1997,978-0-7872-7546-4
Re-engineered systemic conglomeration,Daniel Cruz,2021,978-1-311-51977-1
Enterprise-wide tertiary hub,Larry Pearson,1978,978-1-311-72775-6
Organized static synergy,Jonathan Snyder,2004,978-1-06-014377-7
Cross-group client-server customer loyalty,Jeffrey Warren,2007,978-1-399-25361-1
Re-contextualized mission-critical system engine,Jonathan Hill,2014,978-1-994939-15-6
Expanded foreground Graphical User Interface,Catherine Gray,1989,978-0-262-80816-3
Cross-group bottom-line functionalities,Dawn Page,2025,978-1-311-85405-6
De-engineered mission-critical intranet,James Chan,2020,978-1-76938-205-7
Optimized 5thgeneration superstructure,Robin Strickland,1983,978-1-5226-7398-9
Public-key hybrid synergy,Robert Lewis,1976,978-0-553-09880-8
Streamlined executive complexity,Jonathan Kennedy,1999,978-0-9767304-8-4
Re-contextualized multimedia matrix,Zachary Valdez,2022,978-1-968722-70-8
Visionary clear-thinking matrix,Joseph Bennett,2015,978-1-67534-114-8
Operative context-sensitive knowledgebase,Michelle Stone,2004,978-1-79889-772-0
Grass-roots client-driven architecture,Randy Harris,1999,978-1-197-30749-3
Adaptive heuristic emulation,Dennis Ferguson,1989,978-1-917025-52-2
Assimilated discrete adapter,Teresa Gonzalez,1977,978-0-484-14351-6
Adaptive responsive pricing structure,Debra Andrews,1990,978-1-319-06303-0
Re-engineered discrete Graphical User Interface,Robert Reilly,2003,978-1-77155-001-7
Seamless web-enabled product,Zachary Contreras,1984,978-1-971453-21-7
Visionary analyzing infrastructure,Renee Hurst,1971,978-0-690-56962-9
Customer-focused context-sensitive benchmark,Ashley Lewis,2019,978-1-5054-9075-6
Front-line optimizing middleware,Cynthia Edwards,2017,978-0-17-939159-8
Team-oriented bandwidth-monitored infrastructure,Miguel Watson,2019,978-0-8457-6227-1
Sharable modular artificial intelligence,Karen Petersen,2016,978-0-229-17017-3
Expanded foreground process improvement,Bianca Le,1973,978-0-418-90615-6
Reverse-engineered human-resource contingency,Cheryl Holt,1973,978-0-06-500128-0
Digitized impactful instruction set,Elizabeth Mcguire,1995,978-0-8137-1262-8
Ergonomic explicit strategy,Jennifer Salas,1987,978-0-15-942585-5
Advanced object-oriented capacity,Gina Hammond,2025,978-0-411-95654-7
Reactive uniform project,Kara James DVM,1987,978-1-75351-260-6
Function-based web-enabled product,Lisa Alexander,1988,978-0-7102-2947-2
Proactive eco-centric methodology,David Schaefer,2003,978-1-965514-94-8
Decentralized optimizing Graphic Interface,Tracy Ortega,1988,978-1-933423-94-4
Assimilated needs-based time-frame,Tammy Moore,2002,978-1-68837-285-6
Visionary logistical throughput,Miranda Hanson,2001,978-1-921146-24-4
Reduced analyzing open architecture,Alisha Flores,1983,978-1-83726-601-2
Open-source analyzing solution,Elizabeth Dalton,2016,978-0-920902-87-5
Sharable scalable application,Charles Pratt,1979,978-0-8343-3116-7
Reverse-engineered transitional time-frame,Mason Cook,2016,978-0-674-19390-1
Operative full-range workforce,Kathleen Garcia,2005,978-1-312-27179-1
Centralized global adapter,Eric Warren,1992,978-0-418-25549-0
Stand-alone zero administration forecast,Christina Johnson,2009,978-1-77316-091-7
Cross-group maximized middleware,Clayton Reyes,2007,978-0-17-094271-3
Object-based context-sensitive encoding,Matthew Medina,1999,978-0-00-040667-5
Realigned maximized benchmark,Ashley Wheeler,1982,978-0-410-30364-9
Upgradable discrete process improvement,Sharon Lawson,1985,978-1-106-05213-1
Ergonomic discrete time-frame,Patricia Alvarez,2012,978-0-374-38981-9
Enterprise-wide incremental ability,Lauren Skinner,1997,978-1-4967-7772-0
Down-sized optimizing conglomeration,Bobby Olsen,2010,978-1-151-25995-0
Multi-lateral 24/7 groupware,Katrina Johnson,1975,978-1-79048-621-2
Adaptive multi-state encryption,Erin Morris,1980,978-1-358-20561-3
Synchronized homogeneous methodology,Terri Franklin,2017,978-0-11-030037-5
Right-sized bandwidth-monitored time-frame,Kelly Wilson,1976,978-1-878883-28-5
Expanded analyzing utilization,Oscar Hansen,2017,978-1-391-87911-6
Programmable exuding portal,Brandon Gomez,1998,978-1-85485-483-4
Compatible intangible matrices,Shawn Calderon,2007,978-0-600-28878-7
Grass-roots context-sensitive challenge,Nicole Gibson,2007,978-0-627-59917-0
Customer-focused 24hour functionalities,Jacqueline Hill,1996,978-1-9764-5033-4
Re-contextualized national open architecture,Brandon Rowe,1973,978-1-06-664675-3
Vision-oriented demand-driven monitoring,Eddie Watson,2018,978-0-276-70102-3
Re-engineered tertiary approach,Heidi Bennett,1996,978-0-06-263572-3
Vision-oriented methodical function,Veronica Rose,1998,978-0-8111-5957-9
Optimized human-resource orchestration,Bridget Martin,1992,978-0-7228-0025-6
Vision-oriented leadingedge encryption,Brett Brown,2004,978-0-525-61471-5
Fundamental transitional website,Kimberly Howell,2001,978-1-390-43682-2
Multi-lateral solution-oriented knowledge user,Joshua Brown,1997,978-1-68284-271-3
Front-line demand-driven attitude,Mitchell Romero,1986,978-1-07-270773-8
Open-source bandwidth-monitored projection,Rachel Jackson,1970,978-1-5328-4994-7
Right-sized local projection,Timothy James,2017,978-1-323-46121-1
Cross-group context-sensitive moratorium,Lance Bradshaw,2018,978-0-14-211764-4
Customer-focused tangible contingency,John Rodriguez,1981,978-1-995403-34-2
